{
	"credit": "Made with Blockbench",
	"texture_size": [64, 64],
	"textures": {
		"0": "block/carved_pumpkin/1",
		"particle": "block/carved_pumpkin/1"
	},
	"elements": [
		{
			"from": [3.5, 7, 3.5],
			"to": [12.5, 9, 12.5],
			"faces": {
				"north": {"uv": [8, 7, 10.25, 7.5], "texture": "#0"},
				"east": {"uv": [5.75, 7, 8, 7.5], "texture": "#0"},
				"south": {"uv": [12.5, 7, 14.75, 7.5], "texture": "#0"},
				"west": {"uv": [10.25, 7, 12.5, 7.5], "texture": "#0"},
				"up": {"uv": [10.25, 7, 8, 4.75], "texture": "#0"},
				"down": {"uv": [12.5, 4.75, 10.25, 7], "texture": "#0"}
			}
		},
		{
			"from": [3.75, 9, 3.75],
			"to": [12.25, 16, 12.25],
			"faces": {
				"north": {"uv": [2, 5.25, 4, 7], "texture": "#0"},
				"east": {"uv": [0, 5.25, 2, 7], "texture": "#0"},
				"south": {"uv": [6, 5.25, 8, 7], "texture": "#0"},
				"west": {"uv": [4, 5.25, 6, 7], "texture": "#0"},
				"up": {"uv": [4, 5.25, 2, 3.25], "texture": "#0"},
				"down": {"uv": [6, 3.25, 4, 5.25], "texture": "#0"}
			}
		},
		{
			"from": [2.75, 16, 2.75],
			"to": [13.25, 19, 13.25],
			"faces": {
				"north": {"uv": [2.5, 2.5, 5, 3.25], "texture": "#0"},
				"east": {"uv": [0, 2.5, 2.5, 3.25], "texture": "#0"},
				"south": {"uv": [7.5, 2.5, 10, 3.25], "texture": "#0"},
				"west": {"uv": [5, 2.5, 7.5, 3.25], "texture": "#0"},
				"up": {"uv": [5, 2.5, 2.5, 0], "texture": "#0"},
				"down": {"uv": [7.5, 0, 5, 2.5], "texture": "#0"}
			}
		}
	],
	"display": {
		"thirdperson_righthand": {
			"translation": [0, -2.75, 0],
			"scale": [0.5, 0.5, 0.5]
		},
		"thirdperson_lefthand": {
			"translation": [0, -2.75, 0],
			"scale": [0.5, 0.5, 0.5]
		},
		"firstperson_righthand": {
			"translation": [-1.5, 0, 0],
			"scale": [0.7, 0.7, 0.7]
		},
		"firstperson_lefthand": {
			"translation": [-1.5, 0, 0],
			"scale": [0.7, 0.7, 0.7]
		},
		"ground": {
			"translation": [0, -1.25, 0]
		},
		"gui": {
			"rotation": [9.4, -21.35, 0.29],
			"translation": [0, -5, 0]
		},
		"head": {
			"translation": [0, 5.5, 0],
			"scale": [1.5, 1.5, 1.5]
		},
		"fixed": {
			"translation": [0, -4.5, 0]
		}
	}
}