{
	"credit": "Made with Blockbench",
	"texture_size": [128, 128],
	"textures": {
		"0": "block/carved_pumpkin/10",
		"particle": "block/carved_pumpkin/10"
	},
	"elements": [
		{
			"from": [3.5, 6, 3.5],
			"to": [12.5, 10, 12.5],
			"faces": {
				"north": {"uv": [1.125, 3.25, 2.25, 3.75], "texture": "#0"},
				"east": {"uv": [0, 3.25, 1.125, 3.75], "texture": "#0"},
				"south": {"uv": [3.375, 3.25, 4.5, 3.75], "texture": "#0"},
				"west": {"uv": [2.25, 3.25, 3.375, 3.75], "texture": "#0"},
				"up": {"uv": [2.25, 3.25, 1.125, 2.125], "texture": "#0"},
				"down": {"uv": [3.375, 2.125, 2.25, 3.25], "texture": "#0"}
			}
		},
		{
			"from": [-0.5, 6, -0.5],
			"to": [16.5, 6, 16.5],
			"faces": {
				"north": {"uv": [2.125, 2.125, 4.25, 2.125], "texture": "#0"},
				"east": {"uv": [0, 2.125, 2.125, 2.125], "texture": "#0"},
				"south": {"uv": [6.375, 2.125, 8.5, 2.125], "texture": "#0"},
				"west": {"uv": [4.25, 2.125, 6.375, 2.125], "texture": "#0"},
				"up": {"uv": [4.25, 2.125, 2.125, 0], "texture": "#0"},
				"down": {"uv": [6.375, 0, 4.25, 2.125], "texture": "#0"}
			}
		}
	],
	"display": {
		"thirdperson_righthand": {
			"rotation": [0, 15, -90],
			"translation": [0, -2.25, -2.75],
			"scale": [0.7, 0.7, 0.7]
		},
		"thirdperson_lefthand": {
			"rotation": [0, 15, -90],
			"translation": [0, -2.25, -2.75],
			"scale": [0.7, 0.7, 0.7]
		},
		"firstperson_righthand": {
			"translation": [0, 3, 0]
		},
		"firstperson_lefthand": {
			"translation": [0, 3, 0]
		},
		"ground": {
			"translation": [0, -1.25, 0]
		},
		"gui": {
			"rotation": [15, 22, 0],
			"scale": [0.8, 0.8, 0.8]
		},
		"head": {
			"translation": [0, 4.75, 0],
			"scale": [1.6, 1.6, 1.6]
		}
	}
}