{
	"credit": "Made with Blockbench",
	"texture_size": [64, 64],
	"textures": {
		"0": "block/carved_pumpkin/11",
		"particle": "block/carved_pumpkin/11"
	},
	"elements": [
		{
			"from": [3.25, -0.05, 3],
			"to": [12.75, 10, 14],
			"faces": {
				"north": {"uv": [2.75, 2.75, 5, 5.25], "texture": "#0"},
				"east": {"uv": [0, 2.75, 2.75, 5.25], "texture": "#0"},
				"south": {"uv": [7.75, 2.75, 10, 5.25], "texture": "#0"},
				"west": {"uv": [5, 2.75, 7.75, 5.25], "texture": "#0"},
				"up": {"uv": [5, 2.75, 2.75, 0], "texture": "#0"},
				"down": {"uv": [7.25, 0, 5, 2.75], "texture": "#0"}
			}
		},
		{
			"from": [4.25, 1, -8],
			"to": [11.75, 10, 3],
			"faces": {
				"north": {"uv": [2.75, 8, 4.5, 10.25], "texture": "#0"},
				"east": {"uv": [0, 8, 2.75, 10.25], "texture": "#0"},
				"south": {"uv": [7.25, 8, 9, 10.25], "texture": "#0"},
				"west": {"uv": [4.5, 8, 7.25, 10.25], "texture": "#0"},
				"up": {"uv": [4.5, 8, 2.75, 5.25], "texture": "#0"},
				"down": {"uv": [6.25, 5.25, 4.5, 8], "texture": "#0"}
			}
		},
		{
			"from": [9.75, 10, 10],
			"to": [12.75, 12, 11],
			"rotation": {"angle": 0, "axis": "y", "origin": [-0.25, 0, 3]},
			"faces": {
				"north": {"uv": [0.25, 0.25, 1, 0.75], "texture": "#0"},
				"east": {"uv": [0, 0.25, 0.25, 0.75], "texture": "#0"},
				"south": {"uv": [1.25, 0.25, 2, 0.75], "texture": "#0"},
				"west": {"uv": [1, 0.25, 1.25, 0.75], "texture": "#0"},
				"up": {"uv": [1, 0.25, 0.25, 0], "texture": "#0"},
				"down": {"uv": [1.75, 0, 1, 0.25], "texture": "#0"}
			}
		},
		{
			"from": [3.25, 10, 10],
			"to": [6.25, 12, 11],
			"rotation": {"angle": 0, "axis": "y", "origin": [0.25, 0, 3]},
			"faces": {
				"north": {"uv": [0.25, 1, 1, 1.5], "texture": "#0"},
				"east": {"uv": [0, 1, 0.25, 1.5], "texture": "#0"},
				"south": {"uv": [1.25, 1, 2, 1.5], "texture": "#0"},
				"west": {"uv": [1, 1, 1.25, 1.5], "texture": "#0"},
				"up": {"uv": [1, 1, 0.25, 0.75], "texture": "#0"},
				"down": {"uv": [1.75, 0.75, 1, 1], "texture": "#0"}
			}
		}
	],
	"display": {
		"thirdperson_righthand": {
			"rotation": [-95, 0, 0],
			"translation": [0, -4, -2.75],
			"scale": [0.7, 0.7, 0.7]
		},
		"thirdperson_lefthand": {
			"rotation": [-95, 0, 0],
			"translation": [0, -4, -2.75],
			"scale": [0.7, 0.7, 0.7]
		},
		"firstperson_righthand": {
			"translation": [0, 4, 0]
		},
		"firstperson_lefthand": {
			"translation": [0, 4, 0]
		},
		"ground": {
			"translation": [0, 4.5, 0]
		},
		"gui": {
			"rotation": [20, -158, 0],
			"translation": [-0.75, 2.75, 0],
			"scale": [0.9, 0.9, 0.9]
		},
		"head": {
			"translation": [0, 5.5, 0],
			"scale": [1.6, 1.6, 1.6]
		},
		"fixed": {
			"translation": [0, 0, -2.25]
		}
	}
}