{
	"credit": "Made with Blockbench",
	"texture_size": [64, 64],
	"textures": {
		"0": "block/carved_pumpkin/12",
		"particle": "block/carved_pumpkin/12"
	},
	"elements": [
		{
			"from": [2, 4, 2],
			"to": [14, 6, 14],
			"faces": {
				"north": {"uv": [3, 3, 6, 3.5], "texture": "#0"},
				"east": {"uv": [0, 3, 3, 3.5], "texture": "#0"},
				"south": {"uv": [9, 3, 12, 3.5], "texture": "#0"},
				"west": {"uv": [6, 3, 9, 3.5], "texture": "#0"},
				"up": {"uv": [6, 3, 3, 0], "texture": "#0"},
				"down": {"uv": [9, 0, 6, 3], "texture": "#0"}
			}
		},
		{
			"from": [3, 6, 3],
			"to": [13, 10, 13],
			"faces": {
				"north": {"uv": [2.5, 6, 5, 7], "texture": "#0"},
				"east": {"uv": [0, 6, 2.5, 7], "texture": "#0"},
				"south": {"uv": [7.5, 6, 10, 7], "texture": "#0"},
				"west": {"uv": [5, 6, 7.5, 7], "texture": "#0"},
				"up": {"uv": [5, 6, 2.5, 3.5], "texture": "#0"},
				"down": {"uv": [7.5, 3.5, 5, 6], "texture": "#0"}
			}
		},
		{
			"from": [5.5, 6, 2],
			"to": [10.5, 11, 3],
			"faces": {
				"north": {"uv": [0.25, 0.25, 1.5, 1.5], "texture": "#0"},
				"east": {"uv": [0, 0.25, 0.25, 1.5], "texture": "#0"},
				"south": {"uv": [1.75, 0.25, 3, 1.5], "texture": "#0"},
				"west": {"uv": [1.5, 0.25, 1.75, 1.5], "texture": "#0"},
				"up": {"uv": [1.5, 0.25, 0.25, 0], "texture": "#0"},
				"down": {"uv": [2.75, 0, 1.5, 0.25], "texture": "#0"}
			}
		}
	],
	"display": {
		"thirdperson_righthand": {
			"rotation": [0, 22, -90],
			"translation": [0, -2, -2.25],
			"scale": [0.7, 0.7, 0.7]
		},
		"thirdperson_lefthand": {
			"rotation": [0, 22, -90],
			"translation": [0, -2, -2.25],
			"scale": [0.7, 0.7, 0.7]
		},
		"firstperson_righthand": {
			"translation": [0, 2.75, 0]
		},
		"firstperson_lefthand": {
			"translation": [0, 2.75, 0]
		},
		"ground": {
			"translation": [0, 1, 0]
		},
		"gui": {
			"rotation": [20, -153, 0],
			"scale": [0.9, 0.9, 0.9]
		},
		"head": {
			"translation": [0, 5.5, 0],
			"scale": [1.6, 1.6, 1.6]
		}
	}
}