{
	"credit": "Made with Blockbench",
	"texture_size": [32, 32],
	"textures": {
		"0": "block/carved_pumpkin/16",
		"particle": "block/carved_pumpkin/16"
	},
	"elements": [
		{
			"from": [4, 8, 4],
			"to": [12, 15, 4],
			"rotation": {"angle": 0, "axis": "y", "origin": [8, 11, 8]},
			"faces": {
				"north": {"uv": [0, 0, 4, 3.5], "texture": "#0"},
				"east": {"uv": [0, 0, 0, 3.5], "texture": "#0"},
				"south": {"uv": [4, 0, 8, 3.5], "texture": "#0"},
				"west": {"uv": [4, 0, 4, 3.5], "texture": "#0"},
				"up": {"uv": [4, 0, 0, 0], "texture": "#0"},
				"down": {"uv": [8, 0, 4, 0], "texture": "#0"}
			}
		},
		{
			"from": [12, 8, 4],
			"to": [12, 15, 12],
			"rotation": {"angle": 0, "axis": "y", "origin": [8, 11, 8]},
			"faces": {
				"north": {"uv": [4, 7.5, 4, 11], "texture": "#0"},
				"east": {"uv": [0, 7.5, 4, 11], "texture": "#0"},
				"south": {"uv": [8, 7.5, 8, 11], "texture": "#0"},
				"west": {"uv": [4, 7.5, 8, 11], "texture": "#0"},
				"up": {"uv": [4, 7.5, 4, 3.5], "texture": "#0"},
				"down": {"uv": [4, 3.5, 4, 7.5], "texture": "#0"}
			}
		},
		{
			"from": [4, 8, 12],
			"to": [12, 15, 12],
			"rotation": {"angle": 0, "axis": "y", "origin": [8, 11, 8]},
			"faces": {
				"north": {"uv": [8, 0, 12, 3.5], "texture": "#0"},
				"east": {"uv": [8, 0, 8, 3.5], "texture": "#0"},
				"south": {"uv": [12, 0, 16, 3.5], "texture": "#0"},
				"west": {"uv": [12, 0, 12, 3.5], "texture": "#0"},
				"up": {"uv": [12, 0, 8, 0], "texture": "#0"},
				"down": {"uv": [16, 0, 12, 0], "texture": "#0"}
			}
		},
		{
			"from": [4, 8, 4],
			"to": [4, 15, 12],
			"rotation": {"angle": 0, "axis": "y", "origin": [8, 11, 8]},
			"faces": {
				"north": {"uv": [4, 4, 4, 7.5], "texture": "#0"},
				"east": {"uv": [0, 4, 4, 7.5], "texture": "#0"},
				"south": {"uv": [8, 4, 8, 7.5], "texture": "#0"},
				"west": {"uv": [4, 4, 8, 7.5], "texture": "#0"},
				"up": {"uv": [4, 4, 4, 0], "texture": "#0"},
				"down": {"uv": [4, 0, 4, 4], "texture": "#0"}
			}
		}
	],
	"gui_light": "front",
	"display": {
		"thirdperson_righthand": {
			"rotation": [0, 78, -90],
			"translation": [-2.25, -2, 0.75],
			"scale": [0.7, 0.7, 0.7]
		},
		"thirdperson_lefthand": {
			"rotation": [0, 78, -90],
			"translation": [-2.25, -2, 0.75],
			"scale": [0.7, 0.7, 0.7]
		},
		"firstperson_righthand": {
			"translation": [0, 0.75, 0]
		},
		"firstperson_lefthand": {
			"translation": [0, 0.75, 0]
		},
		"ground": {
			"translation": [0, -3, 0]
		},
		"gui": {
			"rotation": [11, 15, 0],
			"translation": [0, -4.5, 0],
			"scale": [1.4, 1.4, 1.4]
		},
		"head": {
			"translation": [0, 3.75, 0],
			"scale": [1.7, 1.6, 1.7]
		},
		"fixed": {
			"translation": [0, -3.25, 0]
		}
	}
}