{
	"credit": "Made with Blockbench",
	"texture_size": [64, 64],
	"textures": {
		"0": "block/carved_pumpkin/19",
		"particle": "block/carved_pumpkin/19"
	},
	"elements": [
		{
			"from": [3.5, 5, 3.5],
			"to": [12.5, 9, 12.5],
			"faces": {
				"north": {"uv": [2.25, 2.25, 4.5, 3.25], "texture": "#0"},
				"east": {"uv": [0, 2.25, 2.25, 3.25], "texture": "#0"},
				"south": {"uv": [6.75, 2.25, 9, 3.25], "texture": "#0"},
				"west": {"uv": [4.5, 2.25, 6.75, 3.25], "texture": "#0"},
				"up": {"uv": [4.5, 2.25, 2.25, 0], "texture": "#0"},
				"down": {"uv": [6.75, 0, 4.5, 2.25], "texture": "#0"}
			}
		},
		{
			"from": [6.5, 9, 7.5],
			"to": [9.5, 14, 10.5],
			"rotation": {"angle": 22.5, "axis": "x", "origin": [8, 9, 7.5]},
			"faces": {
				"north": {"uv": [0.75, 4, 1.5, 5.25], "texture": "#0"},
				"east": {"uv": [0, 4, 0.75, 5.25], "texture": "#0"},
				"south": {"uv": [2.25, 4, 3, 5.25], "texture": "#0"},
				"west": {"uv": [1.5, 4, 2.25, 5.25], "texture": "#0"},
				"up": {"uv": [1.5, 4, 0.75, 3.25], "texture": "#0"},
				"down": {"uv": [2.25, 3.25, 1.5, 4], "texture": "#0"}
			}
		},
		{
			"from": [7, 13.25, 10.5],
			"to": [9, 15.25, 12.5],
			"rotation": {"angle": 22.5, "axis": "x", "origin": [8, 9, 7.5]},
			"faces": {
				"north": {"uv": [0.5, 5.75, 1, 6.25], "texture": "#0"},
				"east": {"uv": [0, 5.75, 0.5, 6.25], "texture": "#0"},
				"south": {"uv": [1.5, 5.75, 2, 6.25], "texture": "#0"},
				"west": {"uv": [1, 5.75, 1.5, 6.25], "texture": "#0"},
				"up": {"uv": [1, 5.75, 0.5, 5.25], "texture": "#0"},
				"down": {"uv": [1.5, 5.25, 1, 5.75], "texture": "#0"}
			}
		},
		{
			"from": [12, 6, 6.5],
			"to": [15, 10, 9.5],
			"rotation": {"angle": 22.5, "axis": "z", "origin": [12.5, 9, 7.5]},
			"faces": {
				"north": {"uv": [3, 5.75, 3.75, 6.75], "texture": "#0"},
				"east": {"uv": [2.25, 5.75, 3, 6.75], "texture": "#0"},
				"south": {"uv": [4.5, 5.75, 5.25, 6.75], "texture": "#0"},
				"west": {"uv": [3.75, 5.75, 4.5, 6.75], "texture": "#0"},
				"up": {"uv": [3.75, 5.75, 3, 5], "texture": "#0"},
				"down": {"uv": [4.5, 5, 3.75, 5.75], "texture": "#0"}
			}
		},
		{
			"from": [-1, 4.75, 7],
			"to": [1, 6.75, 9],
			"rotation": {"angle": -22.5, "axis": "z", "origin": [3.5, 9, 7.5]},
			"faces": {
				"north": {"uv": [0.5, 0.5, 1, 1], "texture": "#0"},
				"east": {"uv": [0, 0.5, 0.5, 1], "texture": "#0"},
				"south": {"uv": [1.5, 0.5, 2, 1], "texture": "#0"},
				"west": {"uv": [1, 0.5, 1.5, 1], "texture": "#0"},
				"up": {"uv": [1, 0.5, 0.5, 0], "texture": "#0"},
				"down": {"uv": [1.5, 0, 1, 0.5], "texture": "#0"}
			}
		},
		{
			"from": [1, 6, 6.5],
			"to": [4, 10, 9.5],
			"rotation": {"angle": -22.5, "axis": "z", "origin": [3.5, 9, 7.5]},
			"faces": {
				"north": {"uv": [3.75, 4, 4.5, 5], "texture": "#0"},
				"east": {"uv": [3, 4, 3.75, 5], "texture": "#0"},
				"south": {"uv": [5.25, 4, 6, 5], "texture": "#0"},
				"west": {"uv": [4.5, 4, 5.25, 5], "texture": "#0"},
				"up": {"uv": [4.5, 4, 3.75, 3.25], "texture": "#0"},
				"down": {"uv": [5.25, 3.25, 4.5, 4], "texture": "#0"}
			}
		},
		{
			"from": [15, 4.75, 7],
			"to": [17, 6.75, 9],
			"rotation": {"angle": 22.5, "axis": "z", "origin": [12.5, 9, 7.5]},
			"faces": {
				"north": {"uv": [0.5, 1.5, 1, 2], "texture": "#0"},
				"east": {"uv": [0, 1.5, 0.5, 2], "texture": "#0"},
				"south": {"uv": [1.5, 1.5, 2, 2], "texture": "#0"},
				"west": {"uv": [1, 1.5, 1.5, 2], "texture": "#0"},
				"up": {"uv": [1, 1.5, 0.5, 1], "texture": "#0"},
				"down": {"uv": [1.5, 1, 1, 1.5], "texture": "#0"}
			}
		}
	],
	"display": {
		"thirdperson_righthand": {
			"rotation": [0, 27, -90],
			"translation": [-0.25, -2, -2.25],
			"scale": [0.7, 0.7, 0.7]
		},
		"thirdperson_lefthand": {
			"rotation": [0, 27, -90],
			"translation": [-0.25, -2, -2.25],
			"scale": [0.7, 0.7, 0.7]
		},
		"firstperson_righthand": {
			"translation": [0, 2.5, 0],
			"scale": [0.9, 0.9, 0.9]
		},
		"firstperson_lefthand": {
			"translation": [0, 2.5, 0],
			"scale": [0.9, 0.9, 0.9]
		},
		"gui": {
			"rotation": [15, -153, 0],
			"scale": [0.8, 0.8, 0.8]
		},
		"head": {
			"translation": [0, 6.5, 0],
			"scale": [1.6, 1.6, 1.6]
		},
		"fixed": {
			"translation": [0, -1, 0]
		}
	}
}