{
	"credit": "Made with Blockbench",
	"texture_size": [128, 128],
	"textures": {
		"0": "block/carved_pumpkin/20",
		"particle": "block/carved_pumpkin/20"
	},
	"elements": [
		{
			"from": [2, -16, 2],
			"to": [14, -16, 14],
			"faces": {
				"north": {"uv": [4, 1.5, 5.5, 1.5], "texture": "#0"},
				"east": {"uv": [2.5, 1.5, 4, 1.5], "texture": "#0"},
				"south": {"uv": [7, 1.5, 8.5, 1.5], "texture": "#0"},
				"west": {"uv": [5.5, 1.5, 7, 1.5], "texture": "#0"},
				"up": {"uv": [5.5, 1.5, 4, 0], "texture": "#0"},
				"down": {"uv": [7, 0, 5.5, 1.5], "texture": "#0"}
			}
		},
		{
			"from": [4, -16, 4],
			"to": [12, 32, 12],
			"faces": {
				"north": {"uv": [1, 1, 2, 7], "texture": "#0"},
				"east": {"uv": [0, 1, 1, 7], "texture": "#0"},
				"south": {"uv": [3, 1, 4, 7], "texture": "#0"},
				"west": {"uv": [2, 1, 3, 7], "texture": "#0"},
				"up": {"uv": [2, 1, 1, 0], "texture": "#0"},
				"down": {"uv": [3, 0, 2, 1], "texture": "#0"}
			}
		},
		{
			"from": [3.75, -16, 3.75],
			"to": [12.25, -15, 12.25],
			"faces": {
				"north": {"uv": [5, 2.5, 6, 2.625], "texture": "#0"},
				"east": {"uv": [4, 2.5, 5, 2.625], "texture": "#0"},
				"south": {"uv": [7, 2.5, 8, 2.625], "texture": "#0"},
				"west": {"uv": [6, 2.5, 7, 2.625], "texture": "#0"},
				"up": {"uv": [6, 2.5, 5, 1.5], "texture": "#0"},
				"down": {"uv": [7, 1.5, 6, 2.5], "texture": "#0"}
			}
		}
	],
	"display": {
		"thirdperson_righthand": {
			"rotation": [0, 60, -90],
			"translation": [6.25, -2, -15],
			"scale": [0.7, 0.7, 0.7]
		},
		"thirdperson_lefthand": {
			"rotation": [0, 60, -90],
			"translation": [6.25, -2, -15],
			"scale": [0.7, 0.7, 0.7]
		},
		"firstperson_righthand": {
			"translation": [0, 25, 0]
		},
		"firstperson_lefthand": {
			"translation": [0, 25, 0]
		},
		"ground": {
			"translation": [0, 21.25, 0]
		},
		"gui": {
			"rotation": [13, -158, 0],
			"translation": [0, 19.25, 0]
		},
		"head": {
			"translation": [0, 44.75, 0],
			"scale": [1.6, 1.6, 1.6]
		}
	}
}