{
	"credit": "Made with Blockbench",
	"texture_size": [64, 64],
	"textures": {
		"0": "block/carved_pumpkin/23",
		"particle": "block/carved_pumpkin/23"
	},
	"elements": [
		{
			"from": [3, 6, 3],
			"to": [13, 10, 13],
			"faces": {
				"north": {"uv": [2.5, 2.5, 5, 3.5], "texture": "#0"},
				"east": {"uv": [0, 2.5, 2.5, 3.5], "texture": "#0"},
				"south": {"uv": [7.5, 2.5, 10, 3.5], "texture": "#0"},
				"west": {"uv": [5, 2.5, 7.5, 3.5], "texture": "#0"},
				"up": {"uv": [5, 2.5, 2.5, 0], "texture": "#0"},
				"down": {"uv": [7.5, 0, 5, 2.5], "texture": "#0"}
			}
		},
		{
			"from": [7.5, 10, 7.5],
			"to": [8.5, 12, 8.5],
			"faces": {
				"north": {"uv": [0.25, 0.25, 0.5, 0.75], "texture": "#0"},
				"east": {"uv": [0, 0.25, 0.25, 0.75], "texture": "#0"},
				"south": {"uv": [0.75, 0.25, 1, 0.75], "texture": "#0"},
				"west": {"uv": [0.5, 0.25, 0.75, 0.75], "texture": "#0"},
				"up": {"uv": [0.5, 0.25, 0.25, 0], "texture": "#0"},
				"down": {"uv": [0.75, 0, 0.5, 0.25], "texture": "#0"}
			}
		},
		{
			"from": [6.5, 12, 6.5],
			"to": [9.5, 13, 9.5],
			"faces": {
				"north": {"uv": [6.75, 4.25, 7.5, 4.5], "texture": "#0"},
				"east": {"uv": [6, 4.25, 6.75, 4.5], "texture": "#0"},
				"south": {"uv": [8.25, 4.25, 9, 4.5], "texture": "#0"},
				"west": {"uv": [7.5, 4.25, 8.25, 4.5], "texture": "#0"},
				"up": {"uv": [7.5, 4.25, 6.75, 3.5], "texture": "#0"},
				"down": {"uv": [8.25, 3.5, 7.5, 4.25], "texture": "#0"}
			}
		},
		{
			"from": [6.5, 12, 0.5],
			"to": [9.5, 13, 6.5],
			"faces": {
				"north": {"uv": [4.5, 5.25, 5.25, 5.5], "texture": "#0"},
				"east": {"uv": [3, 5.25, 4.5, 5.5], "texture": "#0"},
				"south": {"uv": [6.75, 5.25, 7.5, 5.5], "texture": "#0"},
				"west": {"uv": [5.25, 5.25, 6.75, 5.5], "texture": "#0"},
				"up": {"uv": [5.25, 5.25, 4.5, 3.75], "texture": "#0"},
				"down": {"uv": [6, 3.75, 5.25, 5.25], "texture": "#0"}
			}
		},
		{
			"from": [0.5, 12, 6.5],
			"to": [6.5, 13, 9.5],
			"rotation": {"angle": 0, "axis": "y", "origin": [8, 12.5, 8]},
			"faces": {
				"north": {"uv": [5.25, 6.25, 6.75, 6.5], "texture": "#0"},
				"east": {"uv": [4.5, 6.25, 5.25, 6.5], "texture": "#0"},
				"south": {"uv": [7.5, 6.25, 9, 6.5], "texture": "#0"},
				"west": {"uv": [6.75, 6.25, 7.5, 6.5], "texture": "#0"},
				"up": {"uv": [6.75, 6.25, 5.25, 5.5], "texture": "#0"},
				"down": {"uv": [8.25, 5.5, 6.75, 6.25], "texture": "#0"}
			}
		},
		{
			"from": [6.5, 12, 9.5],
			"to": [9.5, 13, 15.5],
			"rotation": {"angle": 0, "axis": "y", "origin": [8, 12.5, 8]},
			"faces": {
				"north": {"uv": [1.5, 5, 2.25, 5.25], "texture": "#0"},
				"east": {"uv": [0, 5, 1.5, 5.25], "texture": "#0"},
				"south": {"uv": [3.75, 5, 4.5, 5.25], "texture": "#0"},
				"west": {"uv": [2.25, 5, 3.75, 5.25], "texture": "#0"},
				"up": {"uv": [2.25, 5, 1.5, 3.5], "texture": "#0"},
				"down": {"uv": [3, 3.5, 2.25, 5], "texture": "#0"}
			}
		},
		{
			"from": [9.5, 12, 6.5],
			"to": [15.5, 13, 9.5],
			"rotation": {"angle": 0, "axis": "y", "origin": [8, 12.5, 8]},
			"faces": {
				"north": {"uv": [0.75, 6.25, 2.25, 6.5], "texture": "#0"},
				"east": {"uv": [0, 6.25, 0.75, 6.5], "texture": "#0"},
				"south": {"uv": [3, 6.25, 4.5, 6.5], "texture": "#0"},
				"west": {"uv": [2.25, 6.25, 3, 6.5], "texture": "#0"},
				"up": {"uv": [2.25, 6.25, 0.75, 5.5], "texture": "#0"},
				"down": {"uv": [3.75, 5.5, 2.25, 6.25], "texture": "#0"}
			}
		}
	],
	"display": {
		"thirdperson_righthand": {
			"rotation": [0, 35, -90],
			"translation": [-1.25, -2, -1.75],
			"scale": [0.7, 0.7, 0.7]
		},
		"thirdperson_lefthand": {
			"rotation": [0, 35, -90],
			"translation": [-1.25, -2, -1.75],
			"scale": [0.7, 0.7, 0.7]
		},
		"ground": {
			"translation": [0, -0.75, 0]
		},
		"gui": {
			"rotation": [16, -145, 0],
			"translation": [0, -1, 0],
			"scale": [0.9, 0.9, 0.9]
		},
		"head": {
			"translation": [0, 6.5, 0],
			"scale": [1.6, 1.6, 1.6]
		},
		"fixed": {
			"translation": [0, -1, 0]
		}
	}
}