{
	"credit": "Made with Blockbench",
	"texture_size": [64, 64],
	"textures": {
		"0": "block/carved_pumpkin/25",
		"particle": "block/carved_pumpkin/25"
	},
	"elements": [
		{
			"from": [5, 13.39, 4.0667],
			"to": [11, 14.39, 5.0667],
			"rotation": {"angle": 22.5, "axis": "x", "origin": [8, 12.89, 5.5667]},
			"faces": {
				"north": {"uv": [8.75, 6.5, 10.25, 6.75], "texture": "#0"},
				"east": {"uv": [8.5, 6.5, 8.75, 6.75], "texture": "#0"},
				"south": {"uv": [10.5, 6.5, 12, 6.75], "texture": "#0"},
				"west": {"uv": [10.25, 6.5, 10.5, 6.75], "texture": "#0"},
				"up": {"uv": [10.25, 6.5, 8.75, 6.25], "texture": "#0"},
				"down": {"uv": [11.75, 6.25, 10.25, 6.5], "texture": "#0"}
			}
		},
		{
			"from": [3, 10.39, 4.0667],
			"to": [13, 13.39, 5.0667],
			"rotation": {"angle": 22.5, "axis": "x", "origin": [8, 12.89, 5.5667]},
			"faces": {
				"north": {"uv": [8.75, 5.5, 11.25, 6.25], "texture": "#0"},
				"east": {"uv": [8.5, 5.5, 8.75, 6.25], "texture": "#0"},
				"south": {"uv": [11.5, 5.5, 14, 6.25], "texture": "#0"},
				"west": {"uv": [11.25, 5.5, 11.5, 6.25], "texture": "#0"},
				"up": {"uv": [11.25, 5.5, 8.75, 5.25], "texture": "#0"},
				"down": {"uv": [13.75, 5.25, 11.25, 5.5], "texture": "#0"}
			}
		},
		{
			"from": [1, 7.39, 4.0667],
			"to": [15, 10.39, 5.0667],
			"rotation": {"angle": 22.5, "axis": "x", "origin": [8, 12.89, 5.5667]},
			"faces": {
				"north": {"uv": [7, 4, 10.5, 4.75], "texture": "#0"},
				"east": {"uv": [6.75, 4, 7, 4.75], "texture": "#0"},
				"south": {"uv": [10.75, 4, 14.25, 4.75], "texture": "#0"},
				"west": {"uv": [10.5, 4, 10.75, 4.75], "texture": "#0"},
				"up": {"uv": [10.5, 4, 7, 3.75], "texture": "#0"},
				"down": {"uv": [14, 3.75, 10.5, 4], "texture": "#0"}
			}
		},
		{
			"from": [5, 13.39, 10.9333],
			"to": [11, 14.39, 11.9333],
			"rotation": {"angle": -22.5, "axis": "x", "origin": [8, 12.89, 10.4333]},
			"faces": {
				"north": {"uv": [3.25, 7.25, 4.75, 7.5], "texture": "#0"},
				"east": {"uv": [3, 7.25, 3.25, 7.5], "texture": "#0"},
				"south": {"uv": [5, 7.25, 6.5, 7.5], "texture": "#0"},
				"west": {"uv": [4.75, 7.25, 5, 7.5], "texture": "#0"},
				"up": {"uv": [4.75, 7.25, 3.25, 7], "texture": "#0"},
				"down": {"uv": [6.25, 7, 4.75, 7.25], "texture": "#0"}
			}
		},
		{
			"from": [3, 10.39, 10.9333],
			"to": [13, 13.39, 11.9333],
			"rotation": {"angle": -22.5, "axis": "x", "origin": [8, 12.89, 10.4333]},
			"faces": {
				"north": {"uv": [3.25, 8.75, 5.75, 9.5], "texture": "#0"},
				"east": {"uv": [3, 8.75, 3.25, 9.5], "texture": "#0"},
				"south": {"uv": [6, 8.75, 8.5, 9.5], "texture": "#0"},
				"west": {"uv": [5.75, 8.75, 6, 9.5], "texture": "#0"},
				"up": {"uv": [5.75, 8.75, 3.25, 8.5], "texture": "#0"},
				"down": {"uv": [8.25, 8.5, 5.75, 8.75], "texture": "#0"}
			}
		},
		{
			"from": [1, 7.39, 10.9333],
			"to": [15, 10.39, 11.9333],
			"rotation": {"angle": -22.5, "axis": "x", "origin": [8, 12.89, 10.4333]},
			"faces": {
				"north": {"uv": [7, 3, 10.5, 3.75], "texture": "#0"},
				"east": {"uv": [6.75, 3, 7, 3.75], "texture": "#0"},
				"south": {"uv": [10.75, 3, 14.25, 3.75], "texture": "#0"},
				"west": {"uv": [10.5, 3, 10.75, 3.75], "texture": "#0"},
				"up": {"uv": [10.5, 3, 7, 2.75], "texture": "#0"},
				"down": {"uv": [14, 2.75, 10.5, 3], "texture": "#0"}
			}
		},
		{
			"from": [0.38791, 8.07716, 3],
			"to": [1.38791, 11.07716, 13],
			"rotation": {"angle": 22.5, "axis": "z", "origin": [0.88791, 9.57716, 7]},
			"faces": {
				"north": {"uv": [2.5, 9.5, 2.75, 10.25], "texture": "#0"},
				"east": {"uv": [0, 9.5, 2.5, 10.25], "texture": "#0"},
				"south": {"uv": [5.25, 9.5, 5.5, 10.25], "texture": "#0"},
				"west": {"uv": [2.75, 9.5, 5.25, 10.25], "texture": "#0"},
				"up": {"uv": [2.75, 9.5, 2.5, 7], "texture": "#0"},
				"down": {"uv": [3, 7, 2.75, 9.5], "texture": "#0"}
			}
		},
		{
			"from": [14.61209, 8.07716, 3],
			"to": [15.61209, 11.07716, 13],
			"rotation": {"angle": -22.5, "axis": "z", "origin": [15.11209, 9.57716, 7]},
			"faces": {
				"north": {"uv": [8, 7.75, 8.25, 8.5], "texture": "#0"},
				"east": {"uv": [5.5, 7.75, 8, 8.5], "texture": "#0"},
				"south": {"uv": [10.75, 7.75, 11, 8.5], "texture": "#0"},
				"west": {"uv": [8.25, 7.75, 10.75, 8.5], "texture": "#0"},
				"up": {"uv": [8.25, 7.75, 8, 5.25], "texture": "#0"},
				"down": {"uv": [8.5, 5.25, 8.25, 7.75], "texture": "#0"}
			}
		},
		{
			"from": [1, 8, 3],
			"to": [15, 9, 13],
			"faces": {
				"north": {"uv": [2.5, 2.5, 6, 2.75], "texture": "#0"},
				"east": {"uv": [0, 2.5, 2.5, 2.75], "texture": "#0"},
				"south": {"uv": [8.5, 2.5, 12, 2.75], "texture": "#0"},
				"west": {"uv": [6, 2.5, 8.5, 2.75], "texture": "#0"},
				"up": {"uv": [6, 2.5, 2.5, 0], "texture": "#0"},
				"down": {"uv": [9.5, 0, 6, 2.5], "texture": "#0"}
			}
		},
		{
			"from": [3, 9, 5],
			"to": [13, 10.5, 11],
			"faces": {
				"north": {"uv": [1.5, 6.75, 4, 7], "texture": "#0"},
				"east": {"uv": [0, 6.75, 1.5, 7], "texture": "#0"},
				"south": {"uv": [5.5, 6.75, 8, 7], "texture": "#0"},
				"west": {"uv": [4, 6.75, 5.5, 7], "texture": "#0"},
				"up": {"uv": [4, 6.75, 1.5, 5.25], "texture": "#0"},
				"down": {"uv": [6.5, 5.25, 4, 6.75], "texture": "#0"}
			}
		},
		{
			"from": [3.5, 7, 3.5],
			"to": [12.5, 8, 12.5],
			"faces": {
				"north": {"uv": [2.25, 5, 4.5, 5.25], "texture": "#0"},
				"east": {"uv": [0, 5, 2.25, 5.25], "texture": "#0"},
				"south": {"uv": [6.75, 5, 9, 5.25], "texture": "#0"},
				"west": {"uv": [4.5, 5, 6.75, 5.25], "texture": "#0"},
				"up": {"uv": [4.5, 5, 2.25, 2.75], "texture": "#0"},
				"down": {"uv": [6.75, 2.75, 4.5, 5], "texture": "#0"}
			}
		},
		{
			"from": [3.5, 6, 3.5],
			"to": [4.5, 7, 5.5],
			"faces": {
				"north": {"uv": [0.5, 0.5, 0.75, 0.75], "texture": "#0"},
				"east": {"uv": [0, 0.5, 0.5, 0.75], "texture": "#0"},
				"south": {"uv": [1.25, 0.5, 1.5, 0.75], "texture": "#0"},
				"west": {"uv": [0.75, 0.5, 1.25, 0.75], "texture": "#0"},
				"up": {"uv": [0.75, 0.5, 0.5, 0], "texture": "#0"},
				"down": {"uv": [1, 0, 0.75, 0.5], "texture": "#0"}
			}
		},
		{
			"from": [3.5, 4, 3.5],
			"to": [4.5, 6, 4.5],
			"faces": {
				"north": {"uv": [0.25, 1, 0.5, 1.5], "texture": "#0"},
				"east": {"uv": [0, 1, 0.25, 1.5], "texture": "#0"},
				"south": {"uv": [0.75, 1, 1, 1.5], "texture": "#0"},
				"west": {"uv": [0.5, 1, 0.75, 1.5], "texture": "#0"},
				"up": {"uv": [0.5, 1, 0.25, 0.75], "texture": "#0"},
				"down": {"uv": [0.75, 0.75, 0.5, 1], "texture": "#0"}
			}
		}
	],
	"display": {
		"thirdperson_righthand": {
			"rotation": [0, 35, -90],
			"translation": [-1.5, -2, -2.25],
			"scale": [0.7, 0.7, 0.7]
		},
		"thirdperson_lefthand": {
			"rotation": [0, 35, -90],
			"translation": [-1.5, -2, -2.25],
			"scale": [0.7, 0.7, 0.7]
		},
		"firstperson_righthand": {
			"translation": [0, 2.25, 0]
		},
		"firstperson_lefthand": {
			"translation": [0, 2.25, 0]
		},
		"ground": {
			"rotation": [22, 0, 0],
			"translation": [0, -0.25, 0]
		},
		"gui": {
			"rotation": [16, -153, 0],
			"translation": [0, -1.5, 0],
			"scale": [0.8, 0.8, 0.8]
		},
		"head": {
			"translation": [0, 6.5, 0],
			"scale": [1.6, 1.6, 1.6]
		},
		"fixed": {
			"translation": [0, -1, 0]
		}
	}
}