{
	"credit": "Made with Blockbench",
	"texture_size": [64, 64],
	"textures": {
		"0": "block/carved_pumpkin/26",
		"particle": "block/carved_pumpkin/26"
	},
	"elements": [
		{
			"from": [3, 8, 1],
			"to": [13, 9, 14],
			"faces": {
				"north": {"uv": [3.25, 3.25, 5.75, 3.5], "texture": "#0"},
				"east": {"uv": [0, 3.25, 3.25, 3.5], "texture": "#0"},
				"south": {"uv": [9, 3.25, 11.5, 3.5], "texture": "#0"},
				"west": {"uv": [5.75, 3.25, 9, 3.5], "texture": "#0"},
				"up": {"uv": [5.75, 3.25, 3.25, 0], "texture": "#0"},
				"down": {"uv": [8.25, 0, 5.75, 3.25], "texture": "#0"}
			}
		},
		{
			"from": [4, 9, 4],
			"to": [12, 12, 12],
			"faces": {
				"north": {"uv": [2, 5.5, 4, 6.25], "texture": "#0"},
				"east": {"uv": [0, 5.5, 2, 6.25], "texture": "#0"},
				"south": {"uv": [6, 5.5, 8, 6.25], "texture": "#0"},
				"west": {"uv": [4, 5.5, 6, 6.25], "texture": "#0"},
				"up": {"uv": [4, 5.5, 2, 3.5], "texture": "#0"},
				"down": {"uv": [6, 3.5, 4, 5.5], "texture": "#0"}
			}
		},
		{
			"from": [7, 9, 3],
			"to": [9, 13, 13],
			"faces": {
				"north": {"uv": [8, 6.25, 8.5, 7.25], "texture": "#0"},
				"east": {"uv": [5.5, 6.25, 8, 7.25], "texture": "#0"},
				"south": {"uv": [11, 6.25, 11.5, 7.25], "texture": "#0"},
				"west": {"uv": [8.5, 6.25, 11, 7.25], "texture": "#0"},
				"up": {"uv": [8.5, 6.25, 8, 3.75], "texture": "#0"},
				"down": {"uv": [9, 3.75, 8.5, 6.25], "texture": "#0"}
			}
		}
	],
	"display": {
		"thirdperson_righthand": {
			"rotation": [0, 22, -90],
			"translation": [-2, -2, -1.25],
			"scale": [0.7, 0.7, 0.7]
		},
		"thirdperson_lefthand": {
			"rotation": [0, 22, -90],
			"translation": [-2, -2, -1.25],
			"scale": [0.7, 0.7, 0.7]
		},
		"ground": {
			"translation": [0, -2.75, 0]
		},
		"gui": {
			"rotation": [13, -156, 0],
			"translation": [0, -2, 0]
		},
		"head": {
			"translation": [0, 5, 0],
			"scale": [1.6, 1.6, 1.6]
		},
		"fixed": {
			"translation": [0, -1.5, 0]
		}
	}
}