{
	"credit": "Made with Blockbench",
	"texture_size": [32, 32],
	"textures": {
		"0": "block/carved_pumpkin/9",
		"particle": "block/carved_pumpkin/9"
	},
	"elements": [
		{
			"from": [2.5, 2, 6],
			"to": [4, 6, 10],
			"rotation": {"angle": 0, "axis": "y", "origin": [8, 6.25, 8]},
			"faces": {
				"north": {"uv": [2, 3.5, 2.5, 5.5], "texture": "#0"},
				"east": {"uv": [0, 3.5, 2, 5.5], "texture": "#0"},
				"south": {"uv": [4.5, 3.5, 5, 5.5], "texture": "#0"},
				"west": {"uv": [2.5, 3.5, 4.5, 5.5], "texture": "#0"},
				"up": {"uv": [2.5, 3.5, 2, 1.5], "texture": "#0"},
				"down": {"uv": [3, 1.5, 2.5, 3.5], "texture": "#0"}
			}
		},
		{
			"from": [2, 2.5, 6.5],
			"to": [2.5, 5.5, 9.5],
			"rotation": {"angle": 0, "axis": "y", "origin": [8, 6.25, 8]},
			"faces": {
				"north": {"uv": [14.5, 0, 14.5, 1.5], "texture": "#0"},
				"east": {"uv": [13, 0, 14.5, 1.5], "texture": "#0"},
				"south": {"uv": [16, 0, 16, 1.5], "texture": "#0"},
				"west": {"uv": [14.5, 0, 16, 1.5], "texture": "#0"},
				"up": {"uv": [14.5, 0, 14.5, -1.5], "texture": "#0"},
				"down": {"uv": [14.5, -1.5, 14.5, 0], "texture": "#0"}
			}
		},
		{
			"from": [13.5, 2.5, 6.5],
			"to": [14, 5.5, 9.5],
			"rotation": {"angle": 0, "axis": "y", "origin": [8, 6.25, 8]},
			"faces": {
				"north": {"uv": [14.5, 0, 14.5, 1.5], "texture": "#0"},
				"east": {"uv": [13, 0, 14.5, 1.5], "texture": "#0"},
				"south": {"uv": [16, 0, 16, 1.5], "texture": "#0"},
				"west": {"uv": [14.5, 0, 16, 1.5], "texture": "#0"},
				"up": {"uv": [14.5, 0, 14.5, -1.5], "texture": "#0"},
				"down": {"uv": [14.5, -1.5, 14.5, 0], "texture": "#0"}
			}
		},
		{
			"from": [3, 6, 7],
			"to": [4, 8, 9],
			"rotation": {"angle": 0, "axis": "y", "origin": [8, 6.25, 8]},
			"faces": {
				"north": {"uv": [7, 4.5, 7.5, 5.5], "texture": "#0"},
				"east": {"uv": [6, 4.5, 7, 5.5], "texture": "#0"},
				"south": {"uv": [8.5, 4.5, 9, 5.5], "texture": "#0"},
				"west": {"uv": [7.5, 4.5, 8.5, 5.5], "texture": "#0"},
				"up": {"uv": [7.5, 4.5, 7, 3.5], "texture": "#0"},
				"down": {"uv": [8, 3.5, 7.5, 4.5], "texture": "#0"}
			}
		},
		{
			"from": [12, 6, 7],
			"to": [13, 8, 9],
			"rotation": {"angle": 0, "axis": "y", "origin": [8, 6.25, 8]},
			"faces": {
				"north": {"uv": [7, 2.5, 7.5, 3.5], "texture": "#0"},
				"east": {"uv": [6, 2.5, 7, 3.5], "texture": "#0"},
				"south": {"uv": [8.5, 2.5, 9, 3.5], "texture": "#0"},
				"west": {"uv": [7.5, 2.5, 8.5, 3.5], "texture": "#0"},
				"up": {"uv": [7.5, 2.5, 7, 1.5], "texture": "#0"},
				"down": {"uv": [8, 1.5, 7.5, 2.5], "texture": "#0"}
			}
		},
		{
			"from": [3, 8, 7],
			"to": [13, 9, 9],
			"rotation": {"angle": 0, "axis": "y", "origin": [8, 6.25, 8]},
			"faces": {
				"north": {"uv": [1, 1, 6, 1.5], "texture": "#0"},
				"east": {"uv": [0, 1, 1, 1.5], "texture": "#0"},
				"south": {"uv": [7, 1, 12, 1.5], "texture": "#0"},
				"west": {"uv": [6, 1, 7, 1.5], "texture": "#0"},
				"up": {"uv": [6, 1, 1, 0], "texture": "#0"},
				"down": {"uv": [11, 0, 6, 1], "texture": "#0"}
			}
		},
		{
			"from": [12, 2, 6],
			"to": [13.5, 6, 10],
			"rotation": {"angle": 0, "axis": "y", "origin": [8, 6.25, 8]},
			"faces": {
				"north": {"uv": [5, 5.5, 5.5, 7.5], "texture": "#0"},
				"east": {"uv": [3, 5.5, 5, 7.5], "texture": "#0"},
				"south": {"uv": [7.5, 5.5, 8, 7.5], "texture": "#0"},
				"west": {"uv": [5.5, 5.5, 7.5, 7.5], "texture": "#0"},
				"up": {"uv": [5.5, 5.5, 5, 3.5], "texture": "#0"},
				"down": {"uv": [6, 3.5, 5.5, 5.5], "texture": "#0"}
			}
		}
	],
	"display": {
		"thirdperson_righthand": {
			"rotation": [0, 90, 90],
			"translation": [0, -2, 0.5]
		},
		"thirdperson_lefthand": {
			"rotation": [0, 90, 90],
			"translation": [0, -2, 0.5]
		},
		"firstperson_righthand": {
			"rotation": [0, -56, 0],
			"translation": [-2.25, 6.5, 1],
			"scale": [0.7, 0.7, 0.7]
		},
		"firstperson_lefthand": {
			"rotation": [0, -56, 0],
			"translation": [-2.25, 6.5, 1],
			"scale": [0.7, 0.7, 0.7]
		},
		"ground": {
			"rotation": [-90, 0, 0]
		},
		"gui": {
			"rotation": [20, 33, 0],
			"translation": [0, 1.75, 0]
		},
		"head": {
			"translation": [0, 6.5, 0],
			"scale": [1.6, 1.6, 1.6]
		},
		"fixed": {
			"translation": [0, 1.75, 0]
		}
	}
}