{
	"parent": "block/carved_pumpkin",
	"textures": {
		"layer0": "item/carved_pumpkin"
	},
	
	"overrides": [
		{"predicate": {"custom_model_data":1}, "model": "block/carved_pumpkin/1"},
		{"predicate": {"custom_model_data":2}, "model": "block/carved_pumpkin/2"},
		{"predicate": {"custom_model_data":3}, "model": "block/carved_pumpkin/3"},
		{"predicate": {"custom_model_data":4}, "model": "block/carved_pumpkin/4"},
		{"predicate": {"custom_model_data":5}, "model": "block/carved_pumpkin/5"},
		{"predicate": {"custom_model_data":6}, "model": "block/carved_pumpkin/6"},
		{"predicate": {"custom_model_data":7}, "model": "block/carved_pumpkin/7"},
		{"predicate": {"custom_model_data":8}, "model": "block/carved_pumpkin/8"},
		{"predicate": {"custom_model_data":9}, "model": "block/carved_pumpkin/9"},
		{"predicate": {"custom_model_data":10}, "model": "block/carved_pumpkin/10"},
		{"predicate": {"custom_model_data":11}, "model": "block/carved_pumpkin/11"},
		{"predicate": {"custom_model_data":12}, "model": "block/carved_pumpkin/12"},
		{"predicate": {"custom_model_data":13}, "model": "block/carved_pumpkin/13"},
		{"predicate": {"custom_model_data":14}, "model": "block/carved_pumpkin/14"},
		{"predicate": {"custom_model_data":15}, "model": "block/carved_pumpkin/15"},
		{"predicate": {"custom_model_data":16}, "model": "block/carved_pumpkin/16"},
		{"predicate": {"custom_model_data":17}, "model": "block/carved_pumpkin/17"},
		{"predicate": {"custom_model_data":18}, "model": "block/carved_pumpkin/18"},
		{"predicate": {"custom_model_data":19}, "model": "block/carved_pumpkin/19"},
		{"predicate": {"custom_model_data":20}, "model": "block/carved_pumpkin/20"},
		{"predicate": {"custom_model_data":21}, "model": "block/carved_pumpkin/21"},
		{"predicate": {"custom_model_data":22}, "model": "block/carved_pumpkin/22"},
		{"predicate": {"custom_model_data":23}, "model": "block/carved_pumpkin/23"},
		{"predicate": {"custom_model_data":24}, "model": "block/carved_pumpkin/24"},
		{"predicate": {"custom_model_data":25}, "model": "block/carved_pumpkin/25"},
		{"predicate": {"custom_model_data":26}, "model": "block/carved_pumpkin/26"},
		{"predicate": {"custom_model_data":27}, "model": "block/carved_pumpkin/27"}
	]
}